<?xml version="1.0" encoding="UTF-8"?>
<project-private xmlns="http://www.netbeans.org/ns/project-private/1">
    <editor-bookmarks xmlns="http://www.netbeans.org/ns/editor-bookmarks/2" lastBookmarkId="0"/>
    <open-files xmlns="http://www.netbeans.org/ns/projectui-open-files/2">
        <group>
            <file>file:/C:/Users/Engineer/Desktop/final%20Image%20SteganoGraphy/Image%20SteganoGraphy/code%20F5/F5Stegnography/F5Stegnography/F5Stegnography/src/history/History.java</file>
            <file>file:/C:/Users/Engineer/Desktop/final%20Image%20SteganoGraphy/Image%20SteganoGraphy/code%20F5/F5Stegnography/F5Stegnography/F5Stegnography/src/f5stegnography/F5Stegnography.java</file>
        </group>
    </open-files>
</project-private>
